"relative_path","size_bytes","source_or_note"
"configs/doorkey6x6/train_fun_ablation_doorkey6x6_seed1.yaml","626","copied or guide file"
"configs/doorkey6x6/train_fun_ablation_doorkey6x6_seed1_3000.yaml","650","copied or guide file"
"configs/doorkey6x6/train_fun_ablation_doorkey6x6_seed1_argmax_ft_1000.yaml","809","copied or guide file"
"configs/doorkey6x6/train_fun_ablation_doorkey6x6_seed1_stage1_5000.yaml","687","copied or guide file"
"configs/doorkey6x6/train_fun_ablation_doorkey6x6_seed1_stage2_argmax_ft_1000.yaml","839","copied or guide file"
"configs/doorkey6x6/train_fun_ablation_doorkey6x6_seed11.yaml","629","copied or guide file"
"configs/doorkey6x6/train_fun_ablation_doorkey6x6_seed11_3000.yaml","653","copied or guide file"
"configs/doorkey6x6/train_fun_ablation_doorkey6x6_seed11_argmax_ft_1000.yaml","814","copied or guide file"
"configs/doorkey6x6/train_fun_ablation_doorkey6x6_seed11_stage1_5000.yaml","691","copied or guide file"
"configs/doorkey6x6/train_fun_ablation_doorkey6x6_seed11_stage2_argmax_ft_1000.yaml","844","copied or guide file"
"configs/doorkey6x6/train_fun_ablation_doorkey6x6_seed44.yaml","629","copied or guide file"
"configs/doorkey6x6/train_fun_ablation_doorkey6x6_seed44_3000.yaml","653","copied or guide file"
"configs/doorkey6x6/train_fun_ablation_doorkey6x6_seed44_argmax_ft_1000.yaml","814","copied or guide file"
"configs/doorkey6x6/train_fun_ablation_doorkey6x6_seed44_stage1_5000.yaml","691","copied or guide file"
"configs/doorkey6x6/train_fun_ablation_doorkey6x6_seed44_stage2_argmax_ft_1000.yaml","844","copied or guide file"
"configs/doorkey6x6/train_fun_baseline_doorkey6x6_seed1.yaml","596","copied or guide file"
"configs/doorkey6x6/train_fun_baseline_doorkey6x6_seed1_3000.yaml","620","copied or guide file"
"configs/doorkey6x6/train_fun_baseline_doorkey6x6_seed1_5000.yaml","798","copied or guide file"
"configs/doorkey6x6/train_fun_baseline_doorkey6x6_seed1_stage1_5000.yaml","684","copied or guide file"
"configs/doorkey6x6/train_fun_baseline_doorkey6x6_seed1_stage2_argmax_ft_1000.yaml","836","copied or guide file"
"configs/doorkey6x6/train_fun_baseline_doorkey6x6_seed11.yaml","599","copied or guide file"
"configs/doorkey6x6/train_fun_baseline_doorkey6x6_seed11_3000.yaml","623","copied or guide file"
"configs/doorkey6x6/train_fun_baseline_doorkey6x6_seed11_argmax_ft_pilot.yaml","828","copied or guide file"
"configs/doorkey6x6/train_fun_baseline_doorkey6x6_seed11_stage1_5000.yaml","688","copied or guide file"
"configs/doorkey6x6/train_fun_baseline_doorkey6x6_seed11_stage2_argmax_ft_1000.yaml","841","copied or guide file"
"configs/doorkey6x6/train_fun_baseline_doorkey6x6_seed44.yaml","599","copied or guide file"
"configs/doorkey6x6/train_fun_baseline_doorkey6x6_seed44_3000.yaml","623","copied or guide file"
"configs/doorkey6x6/train_fun_baseline_doorkey6x6_seed44_5000.yaml","803","copied or guide file"
"configs/doorkey6x6/train_fun_baseline_doorkey6x6_seed44_stage1_5000.yaml","688","copied or guide file"
"configs/doorkey6x6/train_fun_baseline_doorkey6x6_seed44_stage2_argmax_ft_1000.yaml","841","copied or guide file"
"configs/multiroom_n3s5/train_fun_ablation_multiroom_n3s5_ms1000_seed1.yaml","664","copied or guide file"
"configs/multiroom_n3s5/train_fun_baseline_multiroom_n3s5_ms1000_seed1.yaml","661","copied or guide file"
"configs/multiroom_n4s4/train_fun_ablation_multiroom_n4s4_ms1000_seed1.yaml","667","copied or guide file"
"configs/multiroom_n4s4/train_fun_ablation_multiroom_n4s4_ms1000_seed11.yaml","671","copied or guide file"
"configs/multiroom_n4s4/train_fun_ablation_multiroom_n4s4_ms1000_seed44.yaml","671","copied or guide file"
"configs/multiroom_n4s4/train_fun_baseline_multiroom_n4s4_ms1000_seed1.yaml","664","copied or guide file"
"configs/multiroom_n4s4/train_fun_baseline_multiroom_n4s4_ms1000_seed11.yaml","668","copied or guide file"
"configs/multiroom_n4s4/train_fun_baseline_multiroom_n4s4_ms1000_seed44.yaml","668","copied or guide file"
"configs/multiroom_n4s5_boundary/train_fun_ablation_multiroom_n4s5_ms1000_seed1.yaml","721","copied or guide file"
"configs/multiroom_n4s5_boundary/train_fun_ablation_multiroom_n4s5_ms250_seed1.yaml","713","copied or guide file"
"configs/multiroom_n4s5_boundary/train_fun_ablation_multiroom_n4s5_ms500_seed1.yaml","713","copied or guide file"
"configs/multiroom_n4s5_boundary/train_fun_ablation_multiroom_n4s5_ms750_seed1.yaml","713","copied or guide file"
"configs/multiroom_n4s5_boundary/train_fun_baseline_multiroom_n4s5_ms250_seed1.yaml","710","copied or guide file"
"configs/multiroom_n4s5_boundary/train_fun_baseline_multiroom_n4s5_ms500_seed1.yaml","710","copied or guide file"
"configs/multiroom_n4s5_boundary/train_fun_baseline_multiroom_n4s5_ms750_seed1.yaml","710","copied or guide file"
"figures/doorkey6x6_3000/seed1_1000_vs_3000_episode_length.png","66564","copied or guide file"
"figures/doorkey6x6_3000/seed1_1000_vs_3000_return.png","68165","copied or guide file"
"figures/doorkey6x6_3000/seed1_1000_vs_3000_success.png","73487","copied or guide file"
"figures/early_training_diagnostics/argmax_eval_success_rate_curve.png","106728","copied or guide file"
"figures/early_training_diagnostics/argmax_vs_sample_success_rate.png","26773","copied or guide file"
"figures/early_training_diagnostics/baseline_vs_ablation_argmax_success_rate.png","28017","copied or guide file"
"figures/early_training_diagnostics/baseline_vs_ablation_episode_length.png","29322","copied or guide file"
"figures/early_training_diagnostics/baseline_vs_ablation_mean_return.png","28739","copied or guide file"
"figures/early_training_diagnostics/baseline_vs_ablation_success_rate.png","28204","copied or guide file"
"figures/manager_goal_analysis/episode_length_vs_goal_delta_argmax.png","81797","copied or guide file"
"figures/manager_goal_analysis/episode_length_vs_goal_delta_sample.png","57738","copied or guide file"
"figures/manager_goal_analysis/goal_update_action_kl_by_model_and_mode.png","22700","copied or guide file"
"figures/manager_goal_analysis/mean_goal_cosine_by_model_and_mode.png","23274","copied or guide file"
"figures/manager_goal_analysis/mean_goal_delta_by_model_and_mode.png","24307","copied or guide file"
"figures/multiroom_n4s4_learning_curves/mean_eval_mean_return_argmax.png","101019","copied or guide file"
"figures/multiroom_n4s4_learning_curves/mean_eval_mean_return_sample.png","96730","copied or guide file"
"figures/multiroom_n4s4_learning_curves/mean_eval_success_rate_argmax.png","101334","copied or guide file"
"figures/multiroom_n4s4_learning_curves/mean_eval_success_rate_sample.png","96840","copied or guide file"
"figures/multiroom_n4s4_learning_curves/seed_eval_mean_episode_length_argmax.png","188340","copied or guide file"
"figures/multiroom_n4s4_learning_curves/seed_eval_mean_episode_length_sample.png","167942","copied or guide file"
"figures/multiroom_n4s4_learning_curves/seed_eval_mean_return_argmax.png","183377","copied or guide file"
"figures/multiroom_n4s4_learning_curves/seed_eval_mean_return_sample.png","164786","copied or guide file"
"figures/multiroom_n4s4_learning_curves/seed_eval_success_rate_argmax.png","181401","copied or guide file"
"figures/multiroom_n4s4_learning_curves/seed_eval_success_rate_sample.png","157943","copied or guide file"
"figures/poster_main/doorkey6x6_3000_mean_success.png","49398","generated poster-ready figure"
"figures/poster_main/hidden_intervention_success_drop.png","42490","generated poster-ready figure"
"figures/poster_main/manager_goal_policy_coupling.png","71882","generated poster-ready figure"
"figures/poster_main/multiroom_n4s4_auc_and_speed.png","98287","generated poster-ready figure"
"figures/poster_main/multiroom_n4s4_final_episode_length.png","44548","generated poster-ready figure"
"figures/poster_main/multiroom_n4s5_reward_signal_boundary.png","80966","generated poster-ready figure"
"logs_light/fun-minigrid/logs/ablation_fun_doorkey6x6_3000/seed_1/checkpoint_eval_best_argmax_100ep.json","226509","copied lightweight log subset"
"logs_light/fun-minigrid/logs/ablation_fun_doorkey6x6_3000/seed_1/checkpoint_eval_best_sample_100ep.json","74218","copied lightweight log subset"
"logs_light/fun-minigrid/logs/ablation_fun_doorkey6x6_3000/seed_1/eval.csv","4674","copied lightweight log subset"
"logs_light/fun-minigrid/logs/ablation_fun_doorkey6x6_3000/seed_11/checkpoint_eval_best_argmax_100ep.json","363905","copied lightweight log subset"
"logs_light/fun-minigrid/logs/ablation_fun_doorkey6x6_3000/seed_11/checkpoint_eval_best_sample_100ep.json","100017","copied lightweight log subset"
"logs_light/fun-minigrid/logs/ablation_fun_doorkey6x6_3000/seed_11/eval.csv","4820","copied lightweight log subset"
"logs_light/fun-minigrid/logs/ablation_fun_doorkey6x6_3000/seed_44/checkpoint_eval_best_argmax_100ep.json","317593","copied lightweight log subset"
"logs_light/fun-minigrid/logs/ablation_fun_doorkey6x6_3000/seed_44/checkpoint_eval_best_sample_100ep.json","82290","copied lightweight log subset"
"logs_light/fun-minigrid/logs/ablation_fun_doorkey6x6_3000/seed_44/eval.csv","4826","copied lightweight log subset"
"logs_light/fun-minigrid/logs/ablation_fun_doorkey6x6_argmax_ft_1000/seed_1/eval.csv","19166","copied lightweight log subset"
"logs_light/fun-minigrid/logs/ablation_fun_doorkey6x6_argmax_ft_1000/seed_1/eval_best_argmax_argmax_100ep.json","124783","copied lightweight log subset"
"logs_light/fun-minigrid/logs/ablation_fun_doorkey6x6_argmax_ft_1000/seed_1/eval_best_argmax_sample_100ep.json","48571","copied lightweight log subset"
"logs_light/fun-minigrid/logs/ablation_fun_doorkey6x6_argmax_ft_1000/seed_1/eval_best_sample_argmax_100ep.json","124782","copied lightweight log subset"
"logs_light/fun-minigrid/logs/ablation_fun_doorkey6x6_argmax_ft_1000/seed_1/eval_best_sample_sample_100ep.json","48570","copied lightweight log subset"
"logs_light/fun-minigrid/logs/ablation_fun_doorkey6x6_argmax_ft_1000/seed_1/eval_episode1000_argmax_100ep.json","124783","copied lightweight log subset"
"logs_light/fun-minigrid/logs/ablation_fun_doorkey6x6_argmax_ft_1000/seed_1/eval_episode1000_sample_100ep.json","48571","copied lightweight log subset"
"logs_light/fun-minigrid/logs/ablation_fun_doorkey6x6_argmax_ft_1000/seed_1/eval_last_argmax_100ep.json","124775","copied lightweight log subset"
"logs_light/fun-minigrid/logs/ablation_fun_doorkey6x6_argmax_ft_1000/seed_1/eval_last_sample_100ep.json","48563","copied lightweight log subset"
"logs_light/fun-minigrid/logs/ablation_fun_doorkey6x6_argmax_ft_1000/seed_11/eval.csv","19231","copied lightweight log subset"
"logs_light/fun-minigrid/logs/ablation_fun_doorkey6x6_argmax_ft_1000/seed_11/eval_best_argmax_argmax_100ep.json","187692","copied lightweight log subset"
"logs_light/fun-minigrid/logs/ablation_fun_doorkey6x6_argmax_ft_1000/seed_11/eval_best_argmax_sample_100ep.json","54018","copied lightweight log subset"
"logs_light/fun-minigrid/logs/ablation_fun_doorkey6x6_argmax_ft_1000/seed_11/eval_best_sample_argmax_100ep.json","190648","copied lightweight log subset"
"logs_light/fun-minigrid/logs/ablation_fun_doorkey6x6_argmax_ft_1000/seed_11/eval_best_sample_sample_100ep.json","52414","copied lightweight log subset"
"logs_light/fun-minigrid/logs/ablation_fun_doorkey6x6_argmax_ft_1000/seed_11/eval_episode1000_argmax_100ep.json","190649","copied lightweight log subset"
"logs_light/fun-minigrid/logs/ablation_fun_doorkey6x6_argmax_ft_1000/seed_11/eval_episode1000_sample_100ep.json","52415","copied lightweight log subset"
"logs_light/fun-minigrid/logs/ablation_fun_doorkey6x6_argmax_ft_1000/seed_11/eval_last_argmax_100ep.json","190641","copied lightweight log subset"
"logs_light/fun-minigrid/logs/ablation_fun_doorkey6x6_argmax_ft_1000/seed_11/eval_last_sample_100ep.json","52407","copied lightweight log subset"
"logs_light/fun-minigrid/logs/ablation_fun_doorkey6x6_argmax_ft_1000/seed_44/eval.csv","19238","copied lightweight log subset"
"logs_light/fun-minigrid/logs/ablation_fun_doorkey6x6_argmax_ft_1000/seed_44/eval_best_argmax_argmax_100ep.json","205003","copied lightweight log subset"
"logs_light/fun-minigrid/logs/ablation_fun_doorkey6x6_argmax_ft_1000/seed_44/eval_best_argmax_sample_100ep.json","53413","copied lightweight log subset"
"logs_light/fun-minigrid/logs/ablation_fun_doorkey6x6_argmax_ft_1000/seed_44/eval_best_sample_argmax_100ep.json","207914","copied lightweight log subset"
"logs_light/fun-minigrid/logs/ablation_fun_doorkey6x6_argmax_ft_1000/seed_44/eval_best_sample_sample_100ep.json","51376","copied lightweight log subset"
"logs_light/fun-minigrid/logs/ablation_fun_doorkey6x6_argmax_ft_1000/seed_44/eval_episode1000_argmax_100ep.json","204782","copied lightweight log subset"
"logs_light/fun-minigrid/logs/ablation_fun_doorkey6x6_argmax_ft_1000/seed_44/eval_episode1000_sample_100ep.json","50895","copied lightweight log subset"
"logs_light/fun-minigrid/logs/ablation_fun_doorkey6x6_argmax_ft_1000/seed_44/eval_last_argmax_100ep.json","204774","copied lightweight log subset"
"logs_light/fun-minigrid/logs/ablation_fun_doorkey6x6_argmax_ft_1000/seed_44/eval_last_sample_100ep.json","50887","copied lightweight log subset"
"logs_light/fun-minigrid/logs/baseline_fun_doorkey6x6_3000/seed_1/checkpoint_eval_best_argmax_100ep.json","376617","copied lightweight log subset"
"logs_light/fun-minigrid/logs/baseline_fun_doorkey6x6_3000/seed_1/checkpoint_eval_best_sample_100ep.json","366478","copied lightweight log subset"
"logs_light/fun-minigrid/logs/baseline_fun_doorkey6x6_3000/seed_1/eval.csv","4737","copied lightweight log subset"
"logs_light/fun-minigrid/logs/baseline_fun_doorkey6x6_3000/seed_11/checkpoint_eval_best_argmax_100ep.json","263858","copied lightweight log subset"
"logs_light/fun-minigrid/logs/baseline_fun_doorkey6x6_3000/seed_11/checkpoint_eval_best_sample_100ep.json","83263","copied lightweight log subset"
"logs_light/fun-minigrid/logs/baseline_fun_doorkey6x6_3000/seed_11/eval.csv","4695","copied lightweight log subset"
"logs_light/fun-minigrid/logs/baseline_fun_doorkey6x6_3000/seed_44/checkpoint_eval_best_argmax_100ep.json","376619","copied lightweight log subset"
"logs_light/fun-minigrid/logs/baseline_fun_doorkey6x6_3000/seed_44/checkpoint_eval_best_sample_100ep.json","347818","copied lightweight log subset"
"logs_light/fun-minigrid/logs/baseline_fun_doorkey6x6_3000/seed_44/eval.csv","4535","copied lightweight log subset"
"logs_light/fun-minigrid/logs/baseline_fun_doorkey6x6_5000/seed_1/eval.csv","37043","copied lightweight log subset"
"logs_light/fun-minigrid/logs/baseline_fun_doorkey6x6_5000/seed_1/eval_best_argmax_argmax_100ep.json","151178","copied lightweight log subset"
"logs_light/fun-minigrid/logs/baseline_fun_doorkey6x6_5000/seed_1/eval_best_argmax_sample_100ep.json","68403","copied lightweight log subset"
"logs_light/fun-minigrid/logs/baseline_fun_doorkey6x6_5000/seed_1/eval_best_sample_argmax_100ep.json","163334","copied lightweight log subset"
"logs_light/fun-minigrid/logs/baseline_fun_doorkey6x6_5000/seed_1/eval_best_sample_sample_100ep.json","72108","copied lightweight log subset"
"logs_light/fun-minigrid/logs/baseline_fun_doorkey6x6_5000/seed_1/eval_episode2000_argmax_100ep.json","163335","copied lightweight log subset"
"logs_light/fun-minigrid/logs/baseline_fun_doorkey6x6_5000/seed_1/eval_episode2000_sample_100ep.json","72109","copied lightweight log subset"
"logs_light/fun-minigrid/logs/baseline_fun_doorkey6x6_5000/seed_1/eval_episode5000_argmax_100ep.json","163335","copied lightweight log subset"
"logs_light/fun-minigrid/logs/baseline_fun_doorkey6x6_5000/seed_1/eval_episode5000_sample_100ep.json","72109","copied lightweight log subset"
"logs_light/fun-minigrid/logs/baseline_fun_doorkey6x6_5000/seed_1/eval_last_argmax_100ep.json","163327","copied lightweight log subset"
"logs_light/fun-minigrid/logs/baseline_fun_doorkey6x6_5000/seed_1/eval_last_sample_100ep.json","72101","copied lightweight log subset"
"logs_light/fun-minigrid/logs/baseline_fun_doorkey6x6_5000/seed_44/eval.csv","37726","copied lightweight log subset"
"logs_light/fun-minigrid/logs/baseline_fun_doorkey6x6_5000/seed_44/eval_best_argmax_argmax_100ep.json","79641","copied lightweight log subset"
"logs_light/fun-minigrid/logs/baseline_fun_doorkey6x6_5000/seed_44/eval_best_argmax_sample_100ep.json","55828","copied lightweight log subset"
"logs_light/fun-minigrid/logs/baseline_fun_doorkey6x6_5000/seed_44/eval_best_sample_argmax_100ep.json","79640","copied lightweight log subset"
"logs_light/fun-minigrid/logs/baseline_fun_doorkey6x6_5000/seed_44/eval_best_sample_sample_100ep.json","55827","copied lightweight log subset"
"logs_light/fun-minigrid/logs/baseline_fun_doorkey6x6_5000/seed_44/eval_episode2000_argmax_100ep.json","79641","copied lightweight log subset"
"logs_light/fun-minigrid/logs/baseline_fun_doorkey6x6_5000/seed_44/eval_episode2000_sample_100ep.json","55828","copied lightweight log subset"
"logs_light/fun-minigrid/logs/baseline_fun_doorkey6x6_5000/seed_44/eval_episode5000_argmax_100ep.json","79641","copied lightweight log subset"
"logs_light/fun-minigrid/logs/baseline_fun_doorkey6x6_5000/seed_44/eval_episode5000_sample_100ep.json","55828","copied lightweight log subset"
"logs_light/fun-minigrid/logs/baseline_fun_doorkey6x6_5000/seed_44/eval_last_argmax_100ep.json","79633","copied lightweight log subset"
"logs_light/fun-minigrid/logs/baseline_fun_doorkey6x6_5000/seed_44/eval_last_sample_100ep.json","55820","copied lightweight log subset"
"logs_light/fun-minigrid/logs/baseline_fun_doorkey6x6_baseline_argmax_ft_pilot/seed_11/eval.csv","19320","copied lightweight log subset"
"logs_light/fun-minigrid/logs/baseline_fun_doorkey6x6_baseline_argmax_ft_pilot/seed_11/eval_best_argmax_argmax_100ep.json","172677","copied lightweight log subset"
"logs_light/fun-minigrid/logs/baseline_fun_doorkey6x6_baseline_argmax_ft_pilot/seed_11/eval_best_argmax_sample_100ep.json","52828","copied lightweight log subset"
"logs_light/fun-minigrid/logs/baseline_fun_doorkey6x6_baseline_argmax_ft_pilot/seed_11/eval_best_sample_argmax_100ep.json","178550","copied lightweight log subset"
"logs_light/fun-minigrid/logs/baseline_fun_doorkey6x6_baseline_argmax_ft_pilot/seed_11/eval_best_sample_sample_100ep.json","52951","copied lightweight log subset"
"logs_light/fun-minigrid/logs/baseline_fun_doorkey6x6_baseline_argmax_ft_pilot/seed_11/eval_episode1000_argmax_100ep.json","175378","copied lightweight log subset"
"logs_light/fun-minigrid/logs/baseline_fun_doorkey6x6_baseline_argmax_ft_pilot/seed_11/eval_episode1000_sample_100ep.json","51718","copied lightweight log subset"
"logs_light/fun-minigrid/logs/baseline_fun_doorkey6x6_baseline_argmax_ft_pilot/seed_11/eval_last_argmax_100ep.json","175370","copied lightweight log subset"
"logs_light/fun-minigrid/logs/baseline_fun_doorkey6x6_baseline_argmax_ft_pilot/seed_11/eval_last_sample_100ep.json","51710","copied lightweight log subset"
"logs_light/fun-minigrid/logs/multiroom_n3s5_seed1/ablation/eval.csv","47073","copied lightweight log subset"
"logs_light/fun-minigrid/logs/multiroom_n3s5_seed1/baseline/eval.csv","47171","copied lightweight log subset"
"logs_light/fun-minigrid/logs/multiroom_n3s5_seed1/checkpoint_eval_100/ablation_best_argmax.json","43713","copied lightweight log subset"
"logs_light/fun-minigrid/logs/multiroom_n3s5_seed1/checkpoint_eval_100/ablation_best_argmax_argmax.json","43720","copied lightweight log subset"
"logs_light/fun-minigrid/logs/multiroom_n3s5_seed1/checkpoint_eval_100/ablation_best_argmax_sample.json","62562","copied lightweight log subset"
"logs_light/fun-minigrid/logs/multiroom_n3s5_seed1/checkpoint_eval_100/ablation_best_sample.json","62555","copied lightweight log subset"
"logs_light/fun-minigrid/logs/multiroom_n3s5_seed1/checkpoint_eval_100/ablation_best_sample_argmax.json","43720","copied lightweight log subset"
"logs_light/fun-minigrid/logs/multiroom_n3s5_seed1/checkpoint_eval_100/ablation_best_sample_sample.json","62562","copied lightweight log subset"
"logs_light/fun-minigrid/logs/multiroom_n3s5_seed1/checkpoint_eval_100/ablation_episode_5000_argmax.json","43721","copied lightweight log subset"
"logs_light/fun-minigrid/logs/multiroom_n3s5_seed1/checkpoint_eval_100/ablation_episode_5000_sample.json","62563","copied lightweight log subset"
"logs_light/fun-minigrid/logs/multiroom_n3s5_seed1/checkpoint_eval_100/ablation_last_argmax.json","43713","copied lightweight log subset"
"logs_light/fun-minigrid/logs/multiroom_n3s5_seed1/checkpoint_eval_100/ablation_last_sample.json","62555","copied lightweight log subset"
"logs_light/fun-minigrid/logs/multiroom_n3s5_seed1/checkpoint_eval_100/baseline_best_argmax.json","44185","copied lightweight log subset"
"logs_light/fun-minigrid/logs/multiroom_n3s5_seed1/checkpoint_eval_100/baseline_best_argmax_argmax.json","44228","copied lightweight log subset"
"logs_light/fun-minigrid/logs/multiroom_n3s5_seed1/checkpoint_eval_100/baseline_best_argmax_sample.json","57795","copied lightweight log subset"
"logs_light/fun-minigrid/logs/multiroom_n3s5_seed1/checkpoint_eval_100/baseline_best_sample.json","59582","copied lightweight log subset"
"logs_light/fun-minigrid/logs/multiroom_n3s5_seed1/checkpoint_eval_100/baseline_best_sample_argmax.json","44192","copied lightweight log subset"
"logs_light/fun-minigrid/logs/multiroom_n3s5_seed1/checkpoint_eval_100/baseline_best_sample_sample.json","59589","copied lightweight log subset"
"logs_light/fun-minigrid/logs/multiroom_n3s5_seed1/checkpoint_eval_100/baseline_episode_5000_argmax.json","44193","copied lightweight log subset"
"logs_light/fun-minigrid/logs/multiroom_n3s5_seed1/checkpoint_eval_100/baseline_episode_5000_sample.json","59590","copied lightweight log subset"
"logs_light/fun-minigrid/logs/multiroom_n3s5_seed1/checkpoint_eval_100/baseline_last_argmax.json","44185","copied lightweight log subset"
"logs_light/fun-minigrid/logs/multiroom_n3s5_seed1/checkpoint_eval_100/baseline_last_sample.json","59582","copied lightweight log subset"
"logs_light/fun-minigrid/logs/multiroom_n4s4_seed1/ablation/ablation_eval.csv","47063","copied lightweight log subset"
"logs_light/fun-minigrid/logs/multiroom_n4s4_seed1/ablation/ablation_train.csv","3590112","copied lightweight log subset"
"logs_light/fun-minigrid/logs/multiroom_n4s4_seed1/baseline/baseline_eval.csv","47137","copied lightweight log subset"
"logs_light/fun-minigrid/logs/multiroom_n4s4_seed1/baseline/baseline_train.csv","3668704","copied lightweight log subset"
"logs_light/fun-minigrid/logs/multiroom_n4s4_seed11/ablation/eval.csv","46933","copied lightweight log subset"
"logs_light/fun-minigrid/logs/multiroom_n4s4_seed11/baseline/eval.csv","46804","copied lightweight log subset"
"logs_light/fun-minigrid/logs/multiroom_n4s4_seed44/ablation/eval.csv","47010","copied lightweight log subset"
"logs_light/fun-minigrid/logs/multiroom_n4s4_seed44/baseline/eval.csv","47045","copied lightweight log subset"
"logs_light/fun-minigrid/logs/multiroom_n4s5_maxsteps_sweep/ablation_ms1000_seed_1/checkpoint_eval_best_argmax.json","91013","copied lightweight log subset"
"logs_light/fun-minigrid/logs/multiroom_n4s5_maxsteps_sweep/ablation_ms1000_seed_1/checkpoint_eval_best_sample.json","91013","copied lightweight log subset"
"logs_light/fun-minigrid/logs/multiroom_n4s5_maxsteps_sweep/ablation_ms1000_seed_1/eval.csv","42585","copied lightweight log subset"
"logs_light/fun-minigrid/logs/multiroom_n4s5_maxsteps_sweep/ablation_ms250_seed_1/eval.csv","41841","copied lightweight log subset"
"logs_light/fun-minigrid/logs/multiroom_n4s5_maxsteps_sweep/ablation_ms500_seed_1/eval.csv","41841","copied lightweight log subset"
"logs_light/fun-minigrid/logs/multiroom_n4s5_maxsteps_sweep/ablation_ms750_seed_1/eval.csv","42017","copied lightweight log subset"
"logs_light/fun-minigrid/logs/multiroom_n4s5_maxsteps_sweep/baseline_ms250_seed_1/eval.csv","41841","copied lightweight log subset"
"logs_light/fun-minigrid/logs/multiroom_n4s5_maxsteps_sweep/baseline_ms500_seed_1/eval.csv","41841","copied lightweight log subset"
"logs_light/fun-minigrid/logs/multiroom_n4s5_maxsteps_sweep/baseline_ms750_seed_1/eval.csv","41915","copied lightweight log subset"
"logs_light/fun-minigrid/logs/multiroom_n4s5_maxsteps_sweep/watcher.log","0","copied lightweight log subset"
"logs_light/fun-minigrid/logs/two_stage_doorkey6x6_v2/ablation/seed_1/stage1_5000/eval.csv","90971","copied lightweight log subset"
"logs_light/fun-minigrid/logs/two_stage_doorkey6x6_v2/ablation/seed_1/stage1_5000_cpu_partial_20260503_153622/eval.csv","11748","copied lightweight log subset"
"logs_light/fun-minigrid/logs/two_stage_doorkey6x6_v2/ablation/seed_1/stage2_argmax_ft_1000/eval.csv","19263","copied lightweight log subset"
"logs_light/fun-minigrid/logs/two_stage_doorkey6x6_v2/ablation/seed_1/stage2_argmax_ft_1000/eval_best_argmax_argmax_100ep.json","47632","copied lightweight log subset"
"logs_light/fun-minigrid/logs/two_stage_doorkey6x6_v2/ablation/seed_1/stage2_argmax_ft_1000/eval_best_argmax_sample_100ep.json","45398","copied lightweight log subset"
"logs_light/fun-minigrid/logs/two_stage_doorkey6x6_v2/ablation/seed_1/stage2_argmax_ft_1000/eval_best_sample_argmax_100ep.json","59936","copied lightweight log subset"
"logs_light/fun-minigrid/logs/two_stage_doorkey6x6_v2/ablation/seed_1/stage2_argmax_ft_1000/eval_best_sample_sample_100ep.json","45689","copied lightweight log subset"
"logs_light/fun-minigrid/logs/two_stage_doorkey6x6_v2/ablation/seed_1/stage2_argmax_ft_1000/eval_last_argmax_100ep.json","59929","copied lightweight log subset"
"logs_light/fun-minigrid/logs/two_stage_doorkey6x6_v2/ablation/seed_1/stage2_argmax_ft_1000/eval_last_sample_100ep.json","45682","copied lightweight log subset"
"logs_light/fun-minigrid/logs/two_stage_doorkey6x6_v2/ablation/seed_11/stage1_5000/eval.csv","91379","copied lightweight log subset"
"logs_light/fun-minigrid/logs/two_stage_doorkey6x6_v2/ablation/seed_11/stage2_argmax_ft_1000/eval.csv","19202","copied lightweight log subset"
"logs_light/fun-minigrid/logs/two_stage_doorkey6x6_v2/ablation/seed_11/stage2_argmax_ft_1000/eval_best_argmax_argmax_100ep.json","43514","copied lightweight log subset"
"logs_light/fun-minigrid/logs/two_stage_doorkey6x6_v2/ablation/seed_11/stage2_argmax_ft_1000/eval_best_argmax_sample_100ep.json","47138","copied lightweight log subset"
"logs_light/fun-minigrid/logs/two_stage_doorkey6x6_v2/ablation/seed_11/stage2_argmax_ft_1000/eval_best_sample_argmax_100ep.json","49587","copied lightweight log subset"
"logs_light/fun-minigrid/logs/two_stage_doorkey6x6_v2/ablation/seed_11/stage2_argmax_ft_1000/eval_best_sample_sample_100ep.json","47416","copied lightweight log subset"
"logs_light/fun-minigrid/logs/two_stage_doorkey6x6_v2/ablation/seed_11/stage2_argmax_ft_1000/eval_last_argmax_100ep.json","49580","copied lightweight log subset"
"logs_light/fun-minigrid/logs/two_stage_doorkey6x6_v2/ablation/seed_11/stage2_argmax_ft_1000/eval_last_sample_100ep.json","47409","copied lightweight log subset"
"logs_light/fun-minigrid/logs/two_stage_doorkey6x6_v2/ablation/seed_44/stage1_5000/eval.csv","90300","copied lightweight log subset"
"logs_light/fun-minigrid/logs/two_stage_doorkey6x6_v2/ablation/seed_44/stage2_argmax_ft_1000/eval.csv","19302","copied lightweight log subset"
"logs_light/fun-minigrid/logs/two_stage_doorkey6x6_v2/ablation/seed_44/stage2_argmax_ft_1000/eval_best_argmax_argmax_100ep.json","87518","copied lightweight log subset"
"logs_light/fun-minigrid/logs/two_stage_doorkey6x6_v2/ablation/seed_44/stage2_argmax_ft_1000/eval_best_argmax_sample_100ep.json","46043","copied lightweight log subset"
"logs_light/fun-minigrid/logs/two_stage_doorkey6x6_v2/ablation/seed_44/stage2_argmax_ft_1000/eval_best_sample_argmax_100ep.json","88274","copied lightweight log subset"
"logs_light/fun-minigrid/logs/two_stage_doorkey6x6_v2/ablation/seed_44/stage2_argmax_ft_1000/eval_best_sample_sample_100ep.json","46441","copied lightweight log subset"
"logs_light/fun-minigrid/logs/two_stage_doorkey6x6_v2/ablation/seed_44/stage2_argmax_ft_1000/eval_last_argmax_100ep.json","88267","copied lightweight log subset"
"logs_light/fun-minigrid/logs/two_stage_doorkey6x6_v2/ablation/seed_44/stage2_argmax_ft_1000/eval_last_sample_100ep.json","46434","copied lightweight log subset"
"logs_light/fun-minigrid/logs/two_stage_doorkey6x6_v2/baseline/seed_1/stage1_5000/eval.csv","91797","copied lightweight log subset"
"logs_light/fun-minigrid/logs/two_stage_doorkey6x6_v2/baseline/seed_1/stage2_argmax_ft_1000/eval.csv","19210","copied lightweight log subset"
"logs_light/fun-minigrid/logs/two_stage_doorkey6x6_v2/baseline/seed_1/stage2_argmax_ft_1000/eval_best_argmax_argmax_100ep.json","59979","copied lightweight log subset"
"logs_light/fun-minigrid/logs/two_stage_doorkey6x6_v2/baseline/seed_1/stage2_argmax_ft_1000/eval_best_argmax_sample_100ep.json","48439","copied lightweight log subset"
"logs_light/fun-minigrid/logs/two_stage_doorkey6x6_v2/baseline/seed_1/stage2_argmax_ft_1000/eval_best_sample_argmax_100ep.json","72672","copied lightweight log subset"
"logs_light/fun-minigrid/logs/two_stage_doorkey6x6_v2/baseline/seed_1/stage2_argmax_ft_1000/eval_best_sample_sample_100ep.json","44947","copied lightweight log subset"
"logs_light/fun-minigrid/logs/two_stage_doorkey6x6_v2/baseline/seed_1/stage2_argmax_ft_1000/eval_last_argmax_100ep.json","72665","copied lightweight log subset"
"logs_light/fun-minigrid/logs/two_stage_doorkey6x6_v2/baseline/seed_1/stage2_argmax_ft_1000/eval_last_sample_100ep.json","44940","copied lightweight log subset"
"logs_light/fun-minigrid/logs/two_stage_doorkey6x6_v2/baseline/seed_11/stage1_5000/eval.csv","91497","copied lightweight log subset"
"logs_light/fun-minigrid/logs/two_stage_doorkey6x6_v2/baseline/seed_11/stage2_argmax_ft_1000/eval.csv","19194","copied lightweight log subset"
"logs_light/fun-minigrid/logs/two_stage_doorkey6x6_v2/baseline/seed_11/stage2_argmax_ft_1000/eval_best_argmax_argmax_100ep.json","59980","copied lightweight log subset"
"logs_light/fun-minigrid/logs/two_stage_doorkey6x6_v2/baseline/seed_11/stage2_argmax_ft_1000/eval_best_argmax_sample_100ep.json","47006","copied lightweight log subset"
"logs_light/fun-minigrid/logs/two_stage_doorkey6x6_v2/baseline/seed_11/stage2_argmax_ft_1000/eval_best_sample_argmax_100ep.json","59887","copied lightweight log subset"
"logs_light/fun-minigrid/logs/two_stage_doorkey6x6_v2/baseline/seed_11/stage2_argmax_ft_1000/eval_best_sample_sample_100ep.json","45950","copied lightweight log subset"
"logs_light/fun-minigrid/logs/two_stage_doorkey6x6_v2/baseline/seed_11/stage2_argmax_ft_1000/eval_last_argmax_100ep.json","59880","copied lightweight log subset"
"logs_light/fun-minigrid/logs/two_stage_doorkey6x6_v2/baseline/seed_11/stage2_argmax_ft_1000/eval_last_sample_100ep.json","45943","copied lightweight log subset"
"logs_light/fun-minigrid/logs/two_stage_doorkey6x6_v2/baseline/seed_44/stage1_5000/eval.csv","90434","copied lightweight log subset"
"logs_light/fun-minigrid/logs/two_stage_doorkey6x6_v2/baseline/seed_44/stage1_5000_cpu_partial_20260503_153622/eval.csv","11774","copied lightweight log subset"
"logs_light/fun-minigrid/logs/two_stage_doorkey6x6_v2/baseline/seed_44/stage2_argmax_ft_1000/eval.csv","19143","copied lightweight log subset"
"logs_light/fun-minigrid/logs/two_stage_doorkey6x6_v2/baseline/seed_44/stage2_argmax_ft_1000/eval_best_argmax_argmax_100ep.json","61118","copied lightweight log subset"
"logs_light/fun-minigrid/logs/two_stage_doorkey6x6_v2/baseline/seed_44/stage2_argmax_ft_1000/eval_best_argmax_sample_100ep.json","46342","copied lightweight log subset"
"logs_light/fun-minigrid/logs/two_stage_doorkey6x6_v2/baseline/seed_44/stage2_argmax_ft_1000/eval_best_sample_argmax_100ep.json","61118","copied lightweight log subset"
"logs_light/fun-minigrid/logs/two_stage_doorkey6x6_v2/baseline/seed_44/stage2_argmax_ft_1000/eval_best_sample_sample_100ep.json","46342","copied lightweight log subset"
"logs_light/fun-minigrid/logs/two_stage_doorkey6x6_v2/baseline/seed_44/stage2_argmax_ft_1000/eval_last_argmax_100ep.json","61111","copied lightweight log subset"
"logs_light/fun-minigrid/logs/two_stage_doorkey6x6_v2/baseline/seed_44/stage2_argmax_ft_1000/eval_last_sample_100ep.json","46335","copied lightweight log subset"
"poster_guide.md","6310","copied or guide file"
"poster_key_numbers.csv","2550","copied or guide file"
"README.md","1756","copied or guide file"
"results/doorkey6x6/week5_ablation_argmax_ft_1000_results.md","13115","copied or guide file"
"results/doorkey6x6/week5_argmax_diagnosis.md","9410","copied or guide file"
"results/doorkey6x6/week5_doorkey6x6_3000_comparison.md","7348","copied or guide file"
"results/doorkey6x6/week5_doorkey6x6_results_summary.md","9305","copied or guide file"
"results/doorkey6x6/week5_two_stage_doorkey6x6_v2_results.md","6056","copied or guide file"
"results/multiroom_n3s5/multiroom_n3_s5_checkpoint_eval_analysis.md","4604","copied or guide file"
"results/multiroom_n3s5/multiroom_n3_s5_checkpoint_eval_summary.csv","4472","copied or guide file"
"results/multiroom_n3s5/multiroom_n3_s5_checkpoint_eval_summary.md","2012","copied or guide file"
"results/multiroom_n4s4/multiroom_n4_s4_three_seed_process_analysis.md","7492","copied or guide file"
"results/multiroom_n4s4/multiroom_n4_s4_three_seed_process_summary.csv","3128","copied or guide file"
"results/multiroom_n4s4/multiroom_n4_s4_three_seed_process_summary.md","7878","copied or guide file"
"results/multiroom_n4s4_hidden_intervention/hidden_intervention_analysis.md","780","copied or guide file"
"results/multiroom_n4s4_hidden_intervention/hidden_intervention_summary.csv","4989","copied or guide file"
"results/multiroom_n4s4_hidden_intervention/hidden_intervention_summary.md","2234","copied or guide file"
"results/multiroom_n4s4_manager_goal_analysis/manager_goal_analysis.md","1301","copied or guide file"
"results/multiroom_n4s4_manager_goal_analysis/manager_goal_results.md","2193","copied or guide file"
"results/multiroom_n4s4_manager_goal_analysis/summaries/goal_aggregate_summary.csv","1204","copied or guide file"
"results/multiroom_n4s4_manager_goal_analysis/summaries/goal_episode_summary.csv","294640","copied or guide file"
"results/multiroom_n4s4_manager_goal_analysis/summaries/goal_update_event_summary.csv","373542","copied or guide file"
"results/multiroom_n4s5_boundary/week6_multiroom_n4s5_maxsteps_sweep_results.csv","1464","copied or guide file"
"results/multiroom_n4s5_boundary/week6_multiroom_n4s5_maxsteps_sweep_results.md","3699","copied or guide file"
"results/multiroom_n4s5_boundary/week6_multiroom_n4s5_maxsteps_sweep_summary.md","2101","copied or guide file"
"results/multiroom_n4s5_boundary/week6_multiroom_n4s5_ms1000_ablation_result.md","1648","copied or guide file"
"results/multiroom_n4s5_boundary/week6_multiroom_n4s5_ms1000_ablation_summary.md","1233","copied or guide file"
"scripts/make_poster_figures.py","8445","copied or guide file"
